Step,Dimension,Similaity_ratio,Happy_proportion
1.0,5.0,1.3634895,0.68
2.0,1.0,1.180417,0.79
3.0,1.0,1.2154528,0.86
4.0,1.0,1.2390964,0.89
5.0,1.0,1.2690451,0.92
6.0,1.0,1.2851061,0.95
7.0,1.0,1.2945621,0.96
8.0,1.0,1.3072447,0.97
9.0,1.0,1.3128399,0.98
10.0,1.0,1.3166062,1.0
11.0,1.0,1.3166062,1.0
