Tolerance,Size,Run,Dimension,Similarity,Happy_proportion,Coherence,Group1_similarity,Group2_similarity
0.5,0.5,1,1,0.5203772668331988,0.869,0,0.5213112656868352,0.5194432679795642
0.5,0.5,2,1,0.5168259645820154,0.852,0,0.5166266009309537,0.517025328233077
